[
    {
        "name": "tinify/tinify",
        "version": "1.3.0",
        "version_normalized": "1.3.0.0",
        "source": {
            "type": "git",
            "url": "https://github.com/tinify/tinify-php.git",
            "reference": "e53e5a6837cdb0f3c85a1a5332aff3d83fd5a2da"
        },
        "dist": {
            "type": "zip",
            "url": "https://api.github.com/repos/tinify/tinify-php/zipball/e53e5a6837cdb0f3c85a1a5332aff3d83fd5a2da",
            "reference": "e53e5a6837cdb0f3c85a1a5332aff3d83fd5a2da",
            "shasum": ""
        },
        "require": {
            "ext-curl": "*",
            "ext-json": "*",
            "lib-curl": ">=7.20.0",
            "php": ">=5.3.0"
        },
        "require-dev": {
            "phpunit/phpunit": "~4.0",
            "symfony/yaml": "~2.0"
        },
        "time": "2016-04-01 08:35:40",
        "type": "library",
        "installation-source": "dist",
        "autoload": {
            "files": [
                "lib/Tinify.php",
                "lib/Tinify/Exception.php"
            ],
            "psr-4": {
                "Tinify\\": "lib/Tinify/"
            }
        },
        "notification-url": "https://packagist.org/downloads/",
        "license": [
            "MIT"
        ],
        "authors": [
            {
                "name": "Rolf Timmermans",
                "email": "rolftimmermans@voormedia.com"
            }
        ],
        "description": "PHP client for the Tinify API. Tinify compresses your images intelligently. Read more at https://tinify.com.",
        "homepage": "https://tinify.com/developers",
        "keywords": [
            "api",
            "compress",
            "images",
            "tinify",
            "tinyjpg",
            "tinypng"
        ]
    }
]
